objID,u,g,r,i,z
588848900971299281,22.55218,21.08744,20.28041,20.04251,19.37127
588848900971299282,22.67882,24.14491,21.37153,20.88683,21.16393
588848900971299284,21.53908,22.09095,20.81463,19.83287,22.76383
588848900971299285,22.57927,22.40949,21.69262,20.85991,19.54916
588848900971299286,22.34326,22.47549,21.70187,21.27564,24.48958
588848900971299290,24.12965,23.06622,21.2762,20.61665,20.08728
588848900971299293,24.78733,21.63667,20.60299,20.55902,20.78247
588848900971299296,24.47968,22.36202,21.66306,21.68572,22.54993
588848900971299297,28.09685,21.34136,19.98679,19.39993,18.74185
588848900971299298,22.87988,22.33098,21.36495,20.70298,20.08392
588848900971299300,22.75451,22.3641,21.30925,21.41255,19.66129
588848900971299301,25.32515,22.65679,21.25497,20.73385,19.90584
588848900971299302,21.08596,20.42436,20.08173,19.9236,20.79465
588848900971299304,21.70437,22.74993,22.14333,22.17584,21.05339
588848900971299305,22.81639,21.72123,21.20008,20.69379,19.58955
588848900971299308,24.62784,22.33257,22.08287,22.00821,21.43126
588848900971299310,24.30903,24.67707,20.85264,20.91903,19.81021
588848900971299313,23.53625,22.4081,20.75712,20.22733,19.80113
588848900971299314,26.88062,22.44217,20.50205,19.68696,19.26295
588848900971299315,27.63508,22.66891,20.46176,19.85831,19.04028
588848900971299317,22.01837,24.48825,21.12386,22.07628,20.90399
588848900971299318,25.84937,22.52478,22.33843,22.46467,21.79639
588848900971299326,22.6446,22.22152,21.20372,20.65607,20.30856
588848900971299328,22.01628,22.1531,21.57798,21.17026,21.21112
588848900971299331,24.0207,21.45918,20.37929,19.7007,19.70056
588848900971299332,23.42188,21.38461,19.7278,19.11025,18.99498
588848900971299334,23.04637,22.59579,21.08454,21.23744,20.04415
588848900971299336,21.41052,21.20942,20.48858,20.14604,19.96341
588848900971299337,22.46098,22.03525,21.73407,21.98022,21.24202
588848900971299339,22.08936,23.21409,21.80847,21.02837,20.30404
588848900971299340,26.46801,20.83715,20.01044,19.64516,19.39562
588848900971299342,25.0655,22.22692,20.57229,20.27875,19.26627
588848900971299344,22.3091,21.99802,21.58195,21.21561,20.55624
588848900971299345,22.69447,22.23612,21.67552,21.24513,21.55234
588848900971299349,22.10925,21.93731,21.12918,20.88032,21.92644
588848900971299351,21.39906,20.37925,19.09808,18.64349,17.90695
588848900971299353,24.03309,22.65664,21.70284,21.13142,20.41795
588848900971299355,22.51979,23.86512,21.85605,21.78213,21.05981
588848900971299356,21.81889,20.63875,20.23874,19.72761,19.19708
588848900971299359,23.63174,22.89283,21.90934,21.58474,20.18949
588848900971299365,19.6301,23.93932,21.7728,21.2558,20.62042
588848900971299370,23.06247,22.77005,21.72417,25.18053,21.09375
588848900971299371,24.722,21.99969,22.25759,21.47007,21.08797
588848900971299373,23.39295,22.34738,21.61466,21.06124,20.14494
588848900971299375,21.16595,20.11728,19.09408,18.63487,18.07889
588848900971299376,23.78963,22.21405,21.45571,20.68192,20.44022
588848900971299377,21.77411,21.48598,20.23702,19.8139,19.18182
588848900971299379,23.49784,22.39608,20.75821,19.99594,19.62159
588848900971299380,22.69781,22.49684,21.35838,20.57107,20.42119
588848900971299381,26.57031,23.25585,21.58674,20.89528,20.17569
588848900971299382,27.01483,23.60048,22.09218,20.9321,21.6625
588848900971299383,27.28281,21.58398,19.62055,19.19468,18.71539
588848900971299384,21.60258,21.98515,21.0988,20.461,20.20599
588848900971299386,21.55224,22.4416,21.78503,21.51348,20.88202
588848900971299387,22.01959,21.39459,20.60277,20.77392,20.27244
588848900971299388,23.99761,22.55342,21.71091,20.95719,20.63827
588848900971299389,24.59565,22.74034,21.46323,21.79506,21.99798
588848900971299411,26.26458,23.43718,21.50579,20.49277,19.27192
588848900971299413,22.20058,22.40366,21.65987,21.35716,20.38907
588848900971299415,23.61639,22.42132,21.0064,20.5092,19.61924
588848900971299417,25.28942,25.12463,21.826,22.41544,23.8204
588848900971299426,21.13549,25.13037,21.78355,21.0008,20.3856
588848900971299427,27.22039,22.31026,22.66705,21.44776,20.34124
588848900971299428,21.99245,22.79285,22.13609,24.28101,28.80105
588848900971299434,26.97582,24.85702,21.21536,24.37348,21.2319
588848900971299435,20.37125,21.73977,20.60224,19.60464,22.55044
588848900971299437,23.69624,25.26424,21.66761,21.66496,20.22272
588848900971299438,23.5064,22.37182,21.55494,20.77636,20.30311
588848900971299440,27.05039,22.77172,21.52179,21.41353,23.55957
588848900971299441,23.08539,23.1044,21.81736,20.79441,20.89384
588848900971299444,23.39302,23.042,22.00056,23.53905,21.55787
588848900971299447,22.37422,22.81873,21.44008,20.50109,19.51051
588848900971299455,21.77215,22.31815,21.60111,20.4154,19.90594
588848900971299456,27.3605,22.37257,21.87964,22.44662,21.67487
588848900971299457,24.11485,22.9837,21.77741,21.23463,20.3834
588848900971299458,23.33068,24.94587,21.34018,20.47248,20.307
588848900971299465,25.0782,22.95048,22.4796,21.03097,20.55734
588848900971299466,21.86953,22.15332,21.97711,30.21308,19.91283
588848900971299467,22.52741,23.04206,21.55845,21.51851,22.27512
588848900971299468,22.03148,23.08322,21.61169,21.7516,23.86934
588848900971299470,22.14567,23.30184,21.54163,25.61124,22.62231
588848900971299471,21.61394,30.76904,21.84939,31.47766,26.22961
588848900971299472,25.80298,26.69785,21.73463,22.17243,22.36987
588848900971299473,24.88851,22.57183,21.76315,20.90122,21.02818
588848900971299475,23.94255,23.44528,22.12253,21.13993,20.14782
588848900971299480,25.67481,23.41748,22.05593,23.60338,20.82425
588848900971299483,28.41015,23.61715,22.12396,24.13788,20.99634
588848900971299487,23.124,22.41646,21.73234,21.75475,21.77561
588848900971299488,23.16759,22.42822,21.45942,23.96834,19.63024
588848900971299491,26.58769,22.65935,21.4096,22.35262,21.04116
588848900971299493,28.16408,23.89034,22.11257,21.11305,20.04215
588848900971299496,26.73653,24.63089,21.61477,20.75112,19.43629
588848900971299503,22.59241,21.8702,20.83208,27.41196,20.17146
588848900971299507,22.33162,23.88989,21.71958,21.39231,21.51518
588848900971299511,30.90253,18.72559,21.68233,21.29786,22.8298
588848900971299512,23.79635,22.87648,21.5779,20.85997,20.27006
588848900971299514,22.26788,22.57771,21.4938,21.73555,20.66489
588848900971299518,22.47353,22.58522,21.95962,22.37865,25.24403
588848900971299523,22.77138,27.87862,22.26357,21.45959,20.43675
588848900971299529,24.61552,22.04518,20.72008,20.68297,19.57178
588848900971299530,23.1226,22.76348,21.94993,21.02465,20.12772
588848900971299533,24.66059,24.41818,22.4852,20.77162,20.03074
588848900971299538,23.32313,24.18177,22.42556,26.70554,23.6159
588848900971299539,24.19139,23.94489,22.29298,21.74514,21.68884
588848900971299540,23.41685,22.55787,22.22629,21.43801,24.93858
588848900971299545,26.53848,23.90639,21.24937,24.46362,19.65682
588848900971299546,22.35536,22.84874,21.66729,21.6407,20.16899
588848900971299547,22.4806,23.70315,21.28211,20.67005,22.99106
588848900971299551,25.86532,22.56481,20.71402,19.86176,19.27824
588848900971299552,22.92369,22.71032,21.6417,20.7936,20.12237
588848900971299557,30.22879,23.14372,21.23733,19.84852,18.89989
588848900971299561,24.67897,22.5699,21.93966,21.77348,22.86042
588848900971299564,21.82192,26.62403,21.30046,21.06023,25.60279
588848900971299567,21.36485,25.55144,21.96979,21.68048,21.70086
588848900971299568,27.10842,23.31699,21.43394,21.41084,24.20922
588848900971299569,22.93849,24.10887,21.56088,27.16243,26.99763
588848900971299570,22.33148,23.35978,21.37466,21.39595,19.70804
588848900971299573,25.00251,23.02259,21.74119,20.71812,19.87242
588848900971299574,22.07363,23.06234,21.7732,20.90482,21.96446
588848900971299578,25.3897,23.5944,21.20214,20.26165,19.81566
588848900971299579,25.9266,24.37377,21.44357,21.11681,20.88524
588848900971299582,22.27118,25.25132,22.35291,21.60113,21.20388
588848900971299601,27.81063,22.46414,21.50118,27.71215,19.90608
588848900971299603,27.24767,22.23711,21.84761,20.35139,24.43767
588848900971299689,25.98468,22.03935,21.81375,20.84324,21.42044
588848900971364367,25.33747,21.90789,20.30702,19.78946,19.77219
588848900971364368,22.66136,22.01333,21.23752,20.21174,20.12185
588848900971364373,24.4116,22.92042,21.66709,24.35886,22.76947
588848900971364374,24.65372,22.23281,21.72684,23.80392,23.0225
588848900971364381,27.86658,20.97693,19.22966,18.65703,18.07139
588848900971364385,22.75793,22.76072,18.47043,18.35324,18.06061
588848900971364386,26.22219,23.01443,22.11471,21.46891,22.14913
588848900971364390,21.6729,21.9532,20.82997,20.55942,20.35889
588848900971364394,23.81292,22.66218,21.61557,20.12836,20.32982
588848900971364404,22.00786,21.53896,21.0807,20.80867,20.67555
588848900971364407,21.77964,21.92884,21.61546,20.6832,22.81918
588848900971364408,27.75569,21.26243,28.24494,20.08862,26.23397
588848900971364409,22.99948,23.53494,21.82199,21.41685,21.25154
588848900971364411,22.28749,21.88878,21.61702,20.83017,24.85638
588848900971364413,24.02944,22.82337,23.14187,21.17411,22.81779
588848900971364421,22.31274,21.15894,19.93425,19.26086,19.27021
588848900971364422,23.14855,22.42664,20.93782,20.41031,20.64212
588848900971364424,26.17736,24.1726,21.97363,21.41854,20.72076
588848900971364425,23.1921,22.50947,22.51832,21.1264,21.88206
588848900971364436,23.44948,23.53438,21.47585,20.49299,20.47341
588848900971364437,23.7863,22.54439,21.22717,20.74846,20.42369
588848900971364438,23.23034,22.03952,22.15257,21.28937,22.79408
588848900971364443,22.40362,23.86193,22.7105,22.08424,21.4497
588848900971364452,22.52527,22.31137,21.64528,20.63097,19.87486
588848900971364457,19.42884,18.38623,16.42279,15.99308,16.25083
588848900971364458,21.05212,19.5848,18.99757,18.89306,18.51987
588848900971364460,26.02287,22.31061,21.69541,20.40327,19.84342
588848900971364461,23.33644,22.01747,21.06003,20.84241,20.38685
588848900971364462,24.37938,22.07941,21.20167,19.60656,20.42726
588848900971364493,24.61833,20.57559,19.59407,19.1435,18.75553
588848900971364513,21.67947,20.00762,18.82858,18.33539,17.98551
588848900971364554,19.87398,18.75734,18.06182,17.62352,17.35968
588848900971364595,21.76339,20.72655,19.37632,18.84118,18.49648
588848900971364596,24.34282,20.37151,19.10046,18.6431,18.06011
588848900971364600,22.01732,20.52228,19.1216,18.57506,18.18869
588848900971364601,20.96471,19.79557,18.83616,18.39602,18.10105
588848900971364606,21.66287,20.45858,19.27085,18.70738,18.30591
588848900971364609,21.82179,20.46307,19.39107,18.88378,18.62359
588848900971364612,22.83772,20.27876,19.33492,18.94133,18.50444
588848900971364615,22.46475,20.88809,19.69637,19.12867,18.64991
588848900971364617,22.25832,20.05199,18.97912,18.62544,18.18657
588848900971364621,22.04369,21.07422,19.89944,19.38736,18.87736
588848900971364624,21.10209,19.07268,18.19466,17.73644,17.30639
588848900971364638,21.26425,21.31097,19.57103,18.78899,18.35494
588848900971364639,23.59336,22.62404,20.45282,19.69121,19.51995
588848900971364641,21.96456,21.02939,19.59879,19.10319,18.71
588848900971364644,22.91802,23.14942,21.70197,21.10403,20.25644
588848900971364647,20.99417,21.05589,19.47575,18.95112,18.37287
588848900971364649,22.03904,20.93655,19.39123,18.64222,18.31781
588848900971364661,21.8328,22.96857,22.46013,26.51223,22.77343
588848900971364667,22.08389,21.09368,20.26158,19.75141,19.5687
588848900971364675,21.8491,21.48354,20.69474,20.21772,19.54096
588848900971364680,22.34546,21.13457,20.36494,20.32907,19.91967
588848900971364681,26.13285,22.43915,21.95441,21.77642,20.64999
588848900971364683,21.91454,20.50949,19.91986,19.69695,19.2634
588848900971364709,26.49794,22.39105,20.82135,19.76485,19.08419
588848900971364712,22.8088,20.70435,19.90734,19.41132,19.02583
588848900971364713,24.3595,22.59435,21.91726,21.54297,21.04351
588848900971364714,22.08529,22.55309,21.31657,21.91344,22.51676
588848900971364715,21.40914,20.6943,19.73404,19.26885,18.57587
588848900971364719,26.63845,22.015,19.78511,19.21975,18.60964
588848900971364720,24.47007,22.41891,21.56188,21.46208,20.56213
588848900971364721,28.24673,20.55514,20.95332,29.2159,19.18446
588848900971364722,22.89724,22.18831,21.57634,21.32549,21.63904
588848900971364723,25.32983,21.92175,21.02504,20.81368,19.71992
588848900971364724,23.02692,21.9799,21.33862,20.84684,20.06945
588848900971364727,22.36032,21.98543,21.48322,20.57847,20.46636
588848900971364728,23.94348,22.12775,20.59772,19.86098,19.63538
588848900971364729,23.87469,22.01384,20.83629,20.28631,19.88936
588848900971364731,26.63753,20.77072,19.1516,18.47286,17.92616
588848900971364732,21.49886,20.8849,19.92401,19.6041,19.08356
588848900971364733,25.6115,22.09763,20.77642,20.6455,19.63666
588848900971364734,25.44035,22.91374,21.52389,21.41908,20.41253
588848900971364736,21.74083,22.10187,21.61127,20.91031,21.49813
588848900971364741,22.85138,22.24204,20.48224,19.82543,19.396
588848900971364743,23.56613,23.33731,21.67836,21.56946,22.11552
588848900971364744,24.04345,22.11005,21.72564,21.83199,20.73848
588848900971364746,24.88173,22.35356,20.43985,19.77676,19.41794
588848900971364747,24.29928,21.35414,20.28321,19.96057,19.31548
588848900971364748,22.78756,21.84516,20.50958,19.84965,19.59014
588848900971364749,22.62674,23.56323,20.92228,20.28212,19.97823
588848900971364750,24.62346,23.07653,21.2223,21.64943,24.1828
588848900971364752,24.6898,22.13373,21.12729,21.02069,19.86474
588848900971364754,23.05304,22.79359,21.22763,21.15034,20.60965
588848900971364755,25.6289,20.39566,19.81329,19.57553,18.92529
588848900971364756,23.77898,21.59879,20.8406,20.49231,20.06316
588848900971364757,24.20106,21.81629,20.32784,19.69155,19.28887
588848900971364758,24.60866,22.2601,20.86409,20.21768,19.50101
588848900971364760,21.1922,22.45676,21.86279,21.3911,20.38244
588848900971364764,23.3695,21.58678,21.32331,20.98324,20.5618
588848900971364766,23.78853,22.22405,21.33473,21.1604,21.33166
588848900971364767,21.48591,22.94994,21.62078,21.97419,20.67045
588848900971364769,24.9307,22.2269,22.25515,22.36547,21.13584
588848900971364770,22.19029,22.75924,21.52075,21.18375,20.39824
588848900971364774,21.58666,21.91164,21.35611,20.82557,20.61068
588848900971364776,23.50607,22.39684,21.11634,20.82225,20.10262
588848900971364777,21.41676,25.08772,21.44319,20.73614,21.19726
588848900971364778,22.55271,21.82286,21.28569,20.66555,20.48287
588848900971364779,26.63934,23.52099,22.08957,23.07492,21.98808
588848900971364783,22.84991,21.31794,20.5022,20.06334,19.45467
588848900971364787,24.84223,22.2757,21.29228,21.45649,25.75105
588848900971364788,23.85574,25.08689,21.60123,21.09183,22.47286
588848900971364789,24.22326,22.18312,21.29268,21.07579,20.24176
588848900971364790,23.18687,22.0669,21.62296,21.1854,21.09962
588848900971364791,23.19234,21.24911,20.15409,19.7739,19.46272
588848900971364792,22.17929,22.06431,21.91572,21.32201,21.90161
588848900971364793,23.69491,22.83798,20.40002,19.71161,19.53612
588848900971364796,25.09565,23.08687,21.79403,21.20865,19.99894
588848900971364797,24.62459,22.57138,21.77646,21.06855,20.35575
588848900971364798,23.31028,22.84605,22.14388,21.01011,21.18039
588848900971364799,21.6509,21.58768,20.55725,20.05582,19.95971
588848900971364801,23.91602,22.58342,22.12155,21.36447,21.18242
588848900971364803,21.71578,21.53203,20.77628,21.29275,19.72297
588848900971364804,22.07237,21.06604,20.06824,19.90647,19.18182
588848900971364805,26.73991,21.25018,20.45637,21.62415,20.30452
588848900971364806,21.77292,22.45514,22.35775,22.03339,21.4745
588848900971364810,23.45152,21.98401,20.90407,20.51839,19.16652
588848900971364813,22.08407,24.2363,21.90255,20.99538,20.74782
588848900971364814,26.29712,23.36582,21.71727,29.95369,21.81873
588848900971364816,21.66118,19.88277,18.90214,18.52078,17.88946
588848900971364817,26.66532,22.71609,21.86189,21.39418,20.29569
588848900971364818,23.65359,21.53151,21.20033,21.0624,20.93798
588848900971364819,22.48047,21.06954,20.65274,20.00303,19.73512
588848900971364821,21.83413,22.26471,21.76205,21.24603,21.37923
588848900971364822,22.78999,22.40394,20.91309,20.34885,19.78408
588848900971364823,24.64512,22.72093,20.89401,20.50025,19.86827
588848900971364825,24.92177,22.35256,20.72975,20.19428,19.71786
588848900971364830,24.01889,22.31362,20.94408,20.60141,19.871
588848900971364833,21.92188,21.63829,20.12382,19.82544,19.37305
588848900971364834,22.46589,22.8885,21.56302,20.33967,19.56539
588848900971364835,21.50957,20.04317,19.4445,19.57435,18.88463
588848900971364836,24.60404,21.87942,20.34229,19.87888,18.96284
588848900971364837,22.15633,21.57385,21.01034,20.57703,20.52304
588848900971364839,21.40406,20.90256,19.99774,19.71245,19.54744
588848900971364842,20.71952,19.67134,19.09828,18.71616,18.46124
588848900971364844,22.11331,22.51074,21.19076,21.19988,20.18887
588848900971364845,22.38366,22.1102,21.61051,21.69627,20.90956
588848900971364847,22.27926,22.21915,20.58269,19.98383,19.85552
588848900971364849,24.60074,21.55846,20.56434,19.98894,19.62388
588848900971364850,21.42258,21.77263,21.25949,21.2539,20.12086
588848900971364851,24.27337,23.15218,21.71136,21.22532,21.18908
588848900971364857,24.63343,21.69602,21.00031,20.55139,21.28828
588848900971364858,22.14898,22.34562,22.16868,21.61129,22.37577
588848900971364860,24.31211,21.17983,21.12462,21.13316,19.97812
588848900971364861,21.99181,21.24304,20.15489,19.90102,19.57245
588848900971364863,21.62339,21.20175,20.89252,20.41195,19.89706
588848900971364865,24.78247,21.28686,20.23636,19.77154,19.33834
588848900971364871,23.84885,21.50977,20.74521,20.17355,22.48845
588848900971364873,24.5324,22.45486,21.38589,21.14493,20.82942
588848900971364875,21.56122,21.51902,20.48126,20.72784,20.89508
588848900971364876,24.20558,23.5287,21.72967,21.36346,21.83807
588848900971364877,22.42797,22.53653,22.76781,21.91021,21.84552
588848900971364880,22.82227,22.41296,21.60251,21.18157,20.86146
588848900971364882,21.84892,21.69815,20.91611,20.50002,20.82136
588848900971364883,21.49423,22.00723,20.78655,20.61024,19.55617
588848900971364884,24.61463,22.42559,21.80599,20.93269,21.21247
588848900971364887,23.33619,22.67867,22.13184,21.16748,22.2296
588848900971364888,24.61054,22.77133,21.60655,21.24503,21.01305
588848900971364889,24.71899,22.5251,21.20767,21.0043,20.1547
588848900971364891,24.64961,23.47207,21.27025,21.35299,18.89396
588848900971364893,22.04884,21.2116,20.14917,19.83662,19.07071
588848900971364894,27.03493,22.07047,20.86396,20.35602,20.31855
588848900971364898,24.51586,22.15187,21.47163,21.41699,20.30953
588848900971364900,22.13178,22.08461,21.03926,20.3231,19.94969
588848900971364903,21.30121,21.7228,20.87809,20.37679,20.23452
588848900971364904,22.55991,22.15154,21.87236,21.16108,20.43075
588848900971364905,23.76581,21.88438,20.1445,19.45822,18.97373
588848900971364910,25.267,23.00527,19.72926,18.74891,18.5749
588848900971364912,26.10331,23.15624,21.98454,20.80286,20.00195
588848900971364913,23.95722,22.48497,22.09189,22.1063,20.24888
588848900971364915,22.18818,21.41951,20.84637,20.69456,19.96923
588848900971364918,24.40267,21.88349,20.97368,20.06778,19.57481
588848900971364924,24.74167,22.09099,21.02877,20.47931,20.40578
588848900971364925,21.74857,21.15092,20.57608,20.2629,20.70485
588848900971364927,22.71539,22.41836,21.53916,21.05708,20.82397
588848900971364928,24.35762,22.67218,21.00517,21.01714,19.62799
588848900971364929,23.51384,21.14981,20.31718,20.1683,19.2462
588848900971364931,21.9786,21.18499,20.58013,20.33991,19.73178
588848900971364932,22.49873,22.04513,20.63751,20.49039,20.72339
588848900971364934,24.73664,23.3049,21.51253,21.56627,23.19561
588848900971364937,22.21212,22.24326,21.37451,21.29269,20.57416
588848900971364938,24.66599,21.69144,20.98361,20.59418,20.82121
588848900971364942,22.82711,22.2488,21.66842,21.03877,20.40336
588848900971364943,22.86865,22.09252,21.05772,21.57261,21.23195
588848900971364945,22.67719,21.63554,20.15287,19.57695,18.5389
588848900971364946,24.68408,21.96146,20.50461,20.05884,19.87164
588848900971364949,24.26001,22.06748,21.25638,20.42894,19.76189
588848900971364952,26.78438,25.77995,21.38455,27.21003,21.1281
588848900971364954,20.64735,20.22504,19.82022,19.71917,19.55221
588848900971364956,25.82366,22.02233,21.75067,21.40978,20.30067
588848900971364959,22.60458,21.76563,20.36448,19.78157,19.57559
588848900971364960,24.57367,22.47464,20.75877,20.4528,20.18357
588848900971364964,27.39685,21.78584,20.23774,19.78474,19.09201
588848900971364965,22.56672,21.56767,20.38562,19.72392,19.73965
588848900971364966,23.2324,21.17909,20.3285,19.8907,19.68499
588848900971364968,22.38875,22.55365,20.7156,28.745,20.31931
588848900971364971,23.16968,22.24627,21.1218,21.06605,20.33387
588848900971364977,22.91335,22.78571,21.32567,21.12833,19.89607
588848900971364979,21.88154,21.54487,21.23142,26.3247,22.57181
588848900971364982,26.17406,23.42203,21.76407,20.87704,20.19459
588848900971364983,22.16947,22.62395,21.07821,20.86689,19.96757
588848900971364984,23.47734,22.71387,21.04438,20.36875,19.88933
588848900971364985,26.01027,22.91423,21.83824,22.18897,20.87105
588848900971365003,26.18171,25.9943,22.81138,23.65087,22.19981
588848900971365005,25.51432,25.89452,21.5549,21.41125,20.80781
588848900971365007,22.78166,21.94732,21.29572,21.01739,20.13931
588848900971365009,25.33513,23.09483,21.49077,21.21974,19.53407
588848900971365014,22.5118,22.57751,20.87699,20.32681,19.10151
588848900971365015,23.9074,22.46054,21.21967,20.90363,20.97719
588848900971365018,24.13236,22.48534,21.2806,22.05051,20.29272
588848900971365020,26.52212,26.25325,22.09697,21.13117,20.72424
588848900971365022,26.60164,21.9733,21.5565,22.45729,19.59434
588848900971365024,27.42279,23.25992,21.65584,20.72251,20.04769
588848900971365025,27.46219,23.99877,20.90492,20.20555,19.57239
588848900971365027,24.68504,23.06861,21.66964,24.26973,19.88571
588848900971365033,26.21551,22.99369,22.08708,21.98174,20.765
588848900971365034,22.66668,22.74604,21.34712,21.16414,20.2187
588848900971365035,22.17787,23.43269,21.65899,20.99703,20.97365
588848900971365037,22.6105,23.28281,21.92068,21.06507,22.05994
588848900971365041,23.84306,22.74433,21.55686,21.25816,20.89374
588848900971365042,27.30202,22.97796,20.60082,19.92864,19.73762
588848900971365047,25.62156,21.79913,21.62765,20.4181,22.00525
588848900971365050,22.56584,25.67257,22.43895,21.25626,23.07917
588848900971365051,25.86543,22.4514,21.05531,21.90768,19.68717
588848900971365053,22.29521,23.60906,21.67781,20.99711,21.00469
588848900971365055,23.50179,24.24976,21.60482,22.06519,20.96113
588848900971365058,22.75772,23.01048,21.28614,21.17641,20.01789
588848900971365060,24.87226,22.82657,21.88025,21.10897,20.92175
588848900971365063,28.0581,23.44162,22.80123,24.36466,20.95615
588848900971365068,22.81796,25.07214,21.40946,20.59418,19.76187
588848900971365070,26.23252,23.74231,22.50109,21.63709,21.49825
588848900971365071,23.84575,25.84715,21.93494,22.02414,20.78686
588848900971365072,22.11143,24.14593,22.64834,23.04541,21.05275
588848900971365076,22.54825,23.91885,21.60297,21.47496,20.32237
588848900971365079,26.5888,23.39602,21.51814,20.89182,20.00859
588848900971365084,23.67359,23.72005,21.68894,24.26248,22.79782
588848900971365087,21.41009,22.83664,21.1066,21.07009,19.80034
588848900971365089,24.6739,23.95306,21.42669,24.36717,22.79829
588848900971365091,26.8422,22.2781,21.05293,20.39198,19.6049
588848900971365092,25.72593,23.56429,22.09864,22.6434,20.33282
588848900971365093,26.4735,24.22873,21.65524,21.57893,20.43002
588848900971365094,19.28277,21.89881,21.83908,21.8583,20.19282
588848900971365095,26.94363,22.739,21.50889,21.51078,22.11872
588848900971365098,22.15493,23.04178,21.65965,21.30877,20.3704
588848900971365099,28.03225,21.23784,20.62624,27.28482,18.75086
588848900971365100,26.56064,22.67246,21.74476,22.5684,20.14005
588848900971365103,22.5343,23.01848,21.82021,22.74001,21.26288
588848900971365105,22.60004,27.37665,21.53141,20.71168,20.08131
588848900971365106,26.13583,25.1184,22.14384,26.9025,22.80914
588848900971365107,22.35906,22.09406,21.27863,21.5343,19.31598
588848900971365109,26.81399,22.1253,21.54253,21.80953,19.6424
588848900971365111,23.17324,22.47092,21.48783,24.33589,20.03792
588848900971365113,22.53649,24.12545,21.73053,27.67463,22.03833
588848900971365115,24.63787,23.5063,20.77769,20.03688,19.28923
588848900971365117,23.13885,22.98821,22.38547,21.55371,20.7751
588848900971365118,22.34303,22.58621,21.5261,21.35796,19.95982
588848900971365121,24.21365,23.49827,22.05062,21.19441,21.06315
588848900971365122,24.64728,23.02853,21.1481,20.93418,19.77867
588848900971365123,22.45468,23.79465,20.86563,21.12993,20.23008
588848900971365125,23.12535,24.04896,21.37215,20.79273,20.08689
588848900971365126,24.63048,22.60758,22.00019,21.47857,22.82458
588848900971365128,25.70381,23.86674,21.31887,20.60138,19.59395
588848900971365130,24.53225,21.7831,20.6079,20.1702,20.00835
588848900971365136,23.36154,23.34658,22.3064,22.31237,19.7937
588848900971365137,22.3708,23.45683,21.91525,21.13478,20.42359
588848900971365140,22.51974,23.9172,22.6181,22.01568,21.79818
588848900971365142,26.48187,22.77289,21.74117,21.00561,20.43076
588848900971365145,21.84474,22.26183,21.1002,20.73595,20.11136
588848900971365152,21.88619,25.09573,22.06483,26.95653,20.50759
588848900971365156,27.18955,22.3956,21.56724,21.07185,20.09444
588848900971365166,26.97701,23.02621,21.70613,22.98824,19.87812
588848900971365169,24.7038,22.52936,21.57371,24.26286,20.80936
588848900971365171,26.96149,23.54776,21.50244,20.59217,19.52555
588848900971365182,21.93554,22.51954,21.30364,22.7663,21.51082
588848900971365186,22.26874,22.10672,21.38579,26.7976,21.87591
588848900971365188,24.6552,22.9379,21.95171,21.03079,19.76537
588848900971365191,22.45092,22.78872,22.25087,22.09631,25.71494
588848900971365192,26.24415,23.44437,21.97055,26.88737,21.257
588848900971365196,28.46613,19.85461,20.19506,29.83484,18.02052
588848900971365198,25.63748,25.17104,22.12313,22.24367,20.66708
588848900971365199,23.00482,22.90586,21.17008,20.40628,19.54504
588848900971365200,25.52495,24.89394,21.85769,21.66949,21.16823
588848900971365201,25.0716,21.65484,21.63028,26.97939,21.04427
588848900971365204,21.75941,22.53546,21.19874,21.00624,20.29576
588848900971365206,24.58322,23.78061,22.1934,21.82141,22.84711
588848900971365207,25.66235,22.5892,21.45471,21.49815,20.54009
588848900971365210,21.85394,22.05159,21.5558,24.75398,21.41884
588848900971365220,25.34213,24.68554,22.25526,21.56469,20.50365
588848900971365221,24.02754,22.44826,22.00669,21.40366,20.89372
588848900971365224,22.74588,22.94573,22.31452,21.99933,23.35422
588848900971365225,26.33364,22.45559,21.97006,21.29579,24.81754
588848900971365228,24.61102,22.79798,22.03958,22.28181,21.30339
588848900971365357,20.25055,18.54187,19.09463,30.7698,16.80739
588848900971365358,26.85686,23.38359,21.90011,26.05025,19.92326
588848900971429894,21.59007,21.13064,20.43878,19.9284,20.38156
588848900971429895,21.98655,21.63235,21.20091,20.94693,20.95856
588848900971429896,22.0951,21.99727,21.22369,19.74693,19.78762
588848900971429899,22.4415,21.83588,21.75723,20.57896,20.67926
588848900971429903,23.88051,22.97089,21.60695,21.20589,21.85128
588848900971429906,22.48027,24.61194,21.68963,24.11821,20.94539
588848900971429907,26.27932,22.16114,21.05912,20.28153,24.48413
588848900971429910,22.71752,22.63627,22.1364,20.72355,21.75576
588848900971429923,22.80889,21.23053,20.58543,20.14202,19.93711
588848900971429931,23.59132,19.68332,18.46409,17.55525,17.02449
588848900971429932,24.60327,21.91373,21.08568,19.93812,20.19159
588848900971429933,23.11942,22.35532,21.40356,20.33522,20.3286
588848900971429935,23.61824,23.51993,21.93155,21.38385,21.05964
588848900971429937,22.12793,22.05887,21.63449,22.35583,23.93384
588848900971429938,27.89914,21.52261,21.30829,19.45068,21.6126
588848900971429939,22.18643,22.43531,22.11183,21.07359,20.88987
588848900971429942,26.26713,22.87185,22.71963,21.43193,22.05571
588848900971429946,22.88292,22.58299,22.02718,20.82173,21.25449
588848900971429947,24.13925,22.39716,21.17566,20.54305,20.22426
588848900971429950,27.90172,23.1361,22.58487,21.26118,22.77107
588848900971429956,21.50754,20.72694,19.9747,19.63265,19.29378
588848900971429960,21.33067,19.70464,18.33617,17.79499,17.43044
588848900971429961,25.59281,22.5942,21.95491,21.15461,21.52922
588848900971429962,22.5674,22.88605,21.44667,20.34956,20.3313
588848900971429964,24.57108,23.08613,21.77082,20.99206,22.06292
588848900971429969,25.9132,21.8599,20.27096,19.74708,19.21862
588848900971429984,20.35185,18.27137,16.98775,16.4919,16.04049
588848900971429987,25.24579,21.79319,21.57861,20.43556,19.94217
588848900971429988,23.17679,23.47165,21.9994,21.98014,21.05813
588848900971429992,26.08472,21.19526,20.00965,19.69079,19.32306
588848900971430015,21.77944,19.37798,18.03112,17.47454,17.03206
588848900971430016,22.32001,21.9518,21.24479,20.76238,20.4753
588848900971430021,21.61904,21.73418,20.53561,22.23392,20.20988
588848900971430031,21.68046,19.36206,18.18041,17.695,17.22081
588848900971430048,21.8998,21.54176,20.9917,20.6961,20.13928
588848900971430064,21.93723,19.31677,17.98855,17.44321,17.02785
588848900971430070,21.40066,19.95131,19.00599,18.57538,18.09502
588848900971430080,21.20185,19.50974,18.3236,17.81854,17.4568
588848900971430093,21.07426,19.54138,18.47192,18.06024,17.80337
588848900971430096,24.6197,23.48177,21.61521,20.88334,20.00911
588848900971430099,18.85643,17.13738,16.18232,15.74288,15.44045
588848900971430100,21.13416,20.75177,20.20455,19.84808,19.3268
588848900971430111,23.19712,21.32065,19.93295,19.21613,18.88097
588848900971430116,22.19038,20.75454,19.49862,19.06089,18.62829
588848900971430121,23.29368,20.77812,19.70748,19.21925,18.92775
588848900971430122,26.51017,24.5294,22.01696,21.34353,20.34523
588848900971430125,20.56358,19.49071,18.49441,18.10784,17.81087
588848900971430126,20.93114,20.25973,19.44572,19.1535,18.62527
588848900971430127,21.53206,19.54634,19.20332,18.75507,18.73298
588848900971430129,24.81891,23.32995,21.77082,21.37857,20.42604
588848900971430132,20.65569,19.31996,18.68296,18.31403,17.9812
588848900971430136,21.94208,21.64519,21.11102,20.91459,20.30881
588848900971430139,24.60623,21.63289,20.01119,19.44998,19.07147
588848900971430141,21.25366,19.528,18.2889,17.76015,17.50412
588848900971430142,20.56874,19.42831,18.28463,17.72308,17.51789
588848900971430144,21.56759,20.43061,19.82248,19.51411,19.32631
588848900971430147,22.47633,21.65772,20.74191,20.41321,19.65528
588848900971430149,23.13469,21.4769,19.94066,19.30363,18.84167
588848900971430156,27.85728,20.50573,19.05573,18.46795,18.03097
588848900971430157,23.27454,23.55788,21.82303,21.47621,20.3521
588848900971430164,22.47013,20.01076,19.04624,18.62745,18.18619
588848900971430169,22.85987,22.36163,21.10087,20.75994,20.39257
588848900971430170,21.91271,20.89113,19.46323,18.79196,18.39849
588848900971430178,24.33267,20.3619,19.04082,18.3988,18.03776
588848900971430179,21.66308,19.99917,19.05155,18.65727,18.4489
588848900971430181,20.20761,18.98251,17.93113,17.36874,16.92802
588848900971430186,25.35987,21.59694,19.89002,19.31597,18.96723
588848900971430187,21.8686,22.52625,21.19466,21.31135,22.79593
588848900971430199,27.29949,20.99277,19.95855,19.51558,19.07273
588848900971430200,23.38783,22.3816,20.86393,20.32556,19.67805
588848900971430207,24.53914,21.48855,19.99456,19.4819,19.09448
588848900971430236,22.11793,21.92724,21.07608,20.6205,20.98702
588848900971430243,22.08189,21.59555,20.74722,21.0845,20.58879
588848900971430248,21.30666,20.72159,19.97309,19.81888,19.65083
588848900971430252,22.83099,25.45587,22.41653,22.27171,21.93597
588848900971430254,22.53822,21.29598,20.75753,20.51092,19.80273
588848900971430256,20.30599,19.64541,18.99099,18.73185,18.40773
588848900971430258,22.89383,22.69074,22.06991,22.111,21.01437
588848900971430261,26.25733,22.71751,22.11922,21.50987,21.1023
588848900971430263,22.8002,22.98824,21.73098,21.09619,19.90535
588848900971430267,22.34458,21.69633,21.18152,20.79557,20.75767
588848900971430285,21.95557,21.54755,20.72486,20.45267,19.76159
588848900971430290,24.64364,21.66809,20.81641,21.17583,20.94841
588848900971430291,24.60227,21.49681,20.51467,20.90902,20.09761
588848900971430292,22.72175,21.7778,21.26463,21.11474,20.99808
588848900971430296,22.54205,22.24196,21.20817,20.82328,21.46448
588848900971430297,24.59856,22.72581,21.62491,20.49214,19.7297
588848900971430299,22.78765,22.85011,21.71176,21.15739,20.4011
588848900971430300,25.2488,22.57799,21.6107,21.37726,23.90302
588848900971430303,24.74957,22.90862,21.68633,21.07965,21.27829
588848900971430309,23.49423,22.56097,21.34851,21.16046,20.11918
588848900971430312,22.46025,21.91781,20.70353,20.1359,19.51508
588848900971430315,26.13759,22.72075,21.48517,21.27588,20.61364
588848900971430317,22.01829,22.74704,22.00609,25.31408,23.05748
588848900971430318,23.37914,22.03288,21.69628,22.2593,22.4898
588848900971430320,22.26884,21.72018,20.20381,19.76441,18.99587
588848900971430321,26.76683,22.27274,21.30672,20.88841,20.32744
588848900971430322,24.53747,21.25773,20.94777,20.8698,19.81965
588848900971430324,23.4633,22.51562,21.62416,21.17521,20.29556
588848900971430326,21.46052,22.01637,20.63996,20.04413,19.56739
588848900971430328,22.33589,22.157,20.71166,20.23198,19.67192
588848900971430330,25.84782,22.08827,21.3605,20.40933,20.20135
588848900971430331,25.20937,22.33484,21.25178,21.30979,23.4727
588848900971430332,22.20281,22.33718,21.42076,21.35862,22.01543
588848900971430333,22.66657,20.93632,19.9216,19.72271,18.975
588848900971430335,27.13132,22.85725,21.0807,21.16509,20.7439
588848900971430336,22.54094,21.89434,20.74362,20.01639,19.75834
588848900971430339,21.7414,21.44808,20.29896,20.17521,19.26941
588848900971430340,21.94128,22.566,21.74898,21.49273,21.3844
588848900971430342,24.68323,21.57163,21.28821,21.93152,20.3836
588848900971430344,24.63184,21.97302,20.66076,20.18365,19.72058
588848900971430345,23.40009,21.20944,20.69535,20.32624,20.01539
588848900971430347,21.63544,21.70635,21.21177,20.81079,20.41902
588848900971430348,21.83558,21.61764,19.82664,19.24091,18.99163
588848900971430350,21.21673,20.93263,19.84192,19.5251,19.12296
588848900971430352,21.96604,22.27099,21.48407,20.72402,20.14925
588848900971430358,22.38397,23.01778,21.80601,21.61979,22.24636
588848900971430360,24.62808,22.28241,21.87952,21.402,20.61754
588848900971430361,21.89419,21.00298,20.11152,19.81558,19.98474
588848900971430362,22.21356,22.69017,21.16285,20.57332,19.96572
588848900971430366,23.50518,22.08972,20.6371,20.151,19.86461
588848900971430371,22.0142,20.58647,19.92992,19.46907,19.31957
588848900971430374,23.97658,21.83599,20.7468,20.14673,19.89204
588848900971430375,23.41547,22.32813,22.19802,21.8009,20.86855
588848900971430376,24.59373,21.99645,21.97292,20.80078,20.88481
588848900971430380,22.05457,21.64264,20.48714,20.28506,19.90565
588848900971430382,22.8605,21.68534,20.48178,19.88892,19.13654
588848900971430383,24.61642,22.63764,21.9137,21.00276,22.45682
588848900971430386,22.99765,21.81359,20.52801,19.99951,18.99887
588848900971430387,21.1634,20.60194,20.06361,19.82808,19.17956
588848900971430388,23.0833,22.45624,22.03807,21.10925,20.67729
588848900971430389,23.09404,22.16972,20.70508,20.54714,21.07648
588848900971430390,22.77384,22.54969,21.60435,21.6954,22.17126
588848900971430392,22.03895,21.77302,20.58194,20.01855,19.37646
588848900971430401,21.7763,22.18936,21.3517,20.84108,20.38845
588848900971430403,21.88982,22.40944,20.61276,20.02567,20.06551
588848900971430405,23.49659,23.29551,21.34735,20.64703,20.46439
588848900971430407,23.24936,21.56721,20.13917,19.88497,19.65767
588848900971430411,26.08063,22.6256,21.52594,22.66048,20.71066
588848900971430413,22.32462,21.48125,20.3039,19.89205,19.11773
588848900971430414,21.81314,22.40909,21.47828,21.59253,21.55911
588848900971430415,27.41432,22.29845,21.18125,20.88488,19.604
588848900971430417,24.46641,22.47839,21.84128,26.63325,20.28742
588848900971430420,21.7729,23.99601,21.78594,21.21243,21.27068
588848900971430421,26.88498,21.39554,20.29285,19.91021,19.73641
588848900971430423,21.88297,22.17244,20.93072,20.25942,19.54489
588848900971430425,25.61034,22.79662,20.82231,20.24351,20.19793
588848900971430431,24.20609,22.18781,20.49236,19.94245,19.58263
588848900971430433,23.86083,21.84744,21.59677,21.01935,20.68087
588848900971430435,27.03515,22.43128,21.00957,20.42574,19.58484
588848900971430436,21.99646,22.7182,22.17677,22.76663,23.4647
588848900971430437,20.46858,19.50489,18.66968,18.33395,17.896
588848900971430438,21.76915,21.28754,20.77467,20.49239,21.02032
588848900971430439,25.44913,22.47294,21.22455,20.47005,19.64675
588848900971430441,24.0492,22.08298,21.1317,21.48395,20.73658
588848900971430444,22.6926,22.42904,22.19191,21.63698,21.76993
588848900971430445,24.74056,22.40299,22.00772,21.55945,21.83952
588848900971430446,18.27077,21.76407,21.29214,20.17057,19.26381
588848900971430447,27.08342,23.18542,20.39969,19.86244,19.64007
588848900971430448,22.13842,22.73846,19.72974,19.16954,18.98953
588848900971430449,21.1457,21.79477,19.88547,19.4585,19.90376
588848900971430450,22.55699,22.0265,21.51183,21.53095,21.20354
588848900971430454,21.125,22.50787,20.6488,20.99973,22.146
588848900971430455,22.06778,22.07006,21.49471,21.2366,20.28204
588848900971430456,23.55407,22.20345,20.85672,20.25646,19.67162
588848900971430458,22.59407,22.42997,21.50598,21.51969,19.97097
588848900971430459,25.03566,23.58541,22.10161,21.70232,20.64934
588848900971430461,26.28947,22.33902,21.89091,21.66489,21.31132
588848900971430464,21.34148,21.37022,20.84665,21.2183,22.09608
588848900971430468,24.59992,23.58284,21.81666,21.4713,21.15596
588848900971430472,21.48489,20.63727,19.46661,19.05125,18.49054
588848900971430473,22.35921,22.49711,21.04678,20.28478,19.70659
588848900971430474,22.83169,21.156,20.02469,19.66165,19.22707
588848900971430475,21.76762,22.66443,21.03269,20.58372,20.37533
588848900971430476,25.78591,22.52768,22.0973,20.80655,19.89658
588848900971430477,20.62864,19.8706,19.07136,18.75687,18.40902
588848900971430478,22.77887,23.03208,21.52276,20.81877,20.65241
588848900971430480,21.78691,22.0857,21.10917,21.17463,20.4771
588848900971430481,21.92323,21.90936,20.72826,20.45522,19.78863
588848900971430483,22.23999,22.85387,21.25272,21.09542,19.41826
588848900971430484,24.58246,22.21366,20.84436,20.20526,19.72694
588848900971430485,23.50464,22.28288,21.05516,20.42834,20.29995
588848900971430487,22.29083,21.73689,20.42098,20.0733,19.48509
588848900971430488,22.38346,21.73074,21.32552,21.40103,22.61447
588848900971430518,23.50469,24.15268,22.02805,21.51556,21.42648
588848900971430524,22.43718,27.09783,21.56545,20.69872,20.36495
588848900971430529,24.18516,25.10361,21.70971,22.30824,20.77701
588848900971430530,24.68066,23.66693,21.01478,20.75151,19.93127
588848900971430531,22.179,22.88441,21.14875,20.48406,19.56459
588848900971430535,22.40929,24.09703,21.40265,20.55228,19.70012
588848900971430540,22.92578,22.10774,21.46334,21.55157,19.96939
588848900971430541,23.79764,22.27459,22.00189,22.15239,20.98559
588848900971430542,25.83575,21.80676,21.661,21.56464,20.19517
588848900971430557,25.18396,22.75383,22.07753,22.77485,23.55124
588848900971430559,22.83363,22.66767,21.91048,21.0745,22.84178
588848900971430565,21.44858,26.29184,21.48271,24.69049,25.85529
588848900971430575,24.87891,22.7331,21.70138,22.91238,20.58784
588848900971430580,25.31861,22.82437,22.08349,21.3382,20.25547
588848900971430582,25.83926,22.31858,21.12163,21.13365,20.1597
588848900971430585,23.03585,31.01342,22.14284,24.10337,29.16645
588848900971430589,22.87557,26.00653,21.92703,21.43959,21.04526
588848900971430596,24.21975,23.00685,21.9543,21.97347,20.51416
588848900971430603,22.89682,25.77006,22.65062,26.93508,22.15167
588848900971430605,22.7877,23.04416,21.39561,21.70363,22.05138
588848900971430606,21.89381,22.68096,21.78508,21.64653,21.28084
588848900971430614,24.18307,22.79349,22.24208,22.50643,21.52653
588848900971430617,24.58737,23.36769,21.12184,20.83523,19.63516
588848900971430619,22.4396,23.64013,21.61313,20.62456,19.6491
588848900971430620,22.69149,23.00932,22.01631,21.89277,24.3746
588848900971430622,22.52065,23.41782,22.04654,21.05091,20.94344
588848900971430623,21.87918,21.88282,20.7216,20.52519,23.05136
588848900971430630,23.15586,23.55867,21.91191,22.28255,20.53087
588848900971430631,22.89745,22.23044,20.94864,21.2572,19.62226
588848900971430634,21.55266,23.84839,22.1567,21.38515,22.91504
588848900971430635,24.36699,22.76513,21.11781,20.29666,21.94939
588848900971430637,26.36531,22.81402,21.62611,20.84121,19.75185
588848900971430638,22.29508,23.11825,21.66459,21.67229,21.20051
588848900971430639,22.9248,23.39095,21.36699,20.4868,20.79096
588848900971430641,23.51498,22.78145,22.36509,21.47382,20.89733
588848900971430643,27.87058,22.37992,21.59032,23.75017,23.65958
588848900971430647,23.06795,22.87029,21.52275,20.93405,20.3424
588848900971430648,21.96491,22.68069,22.24797,22.00941,20.70798
588848900971430656,20.7981,21.96554,21.9951,20.94506,22.30263
588848900971430658,22.67739,22.3457,21.93093,21.05751,23.36368
588848900971430660,23.88867,22.37304,22.76186,23.12575,20.34979
588848900971430663,22.3238,22.00432,20.65122,20.23361,19.02489
588848900971430664,24.13733,22.64536,21.00995,20.38597,19.13914
588848900971430672,22.50969,29.91983,21.47908,21.35021,19.93011
588848900971430676,22.58931,22.16801,21.02262,22.1331,25.88943
588848900971430679,24.62042,24.77197,21.90406,21.9769,20.09302
588848900971430681,25.28589,23.11011,22.08029,21.37516,22.49688
588848900971430685,26.92299,21.8331,21.34056,20.85975,19.87258
588848900971430686,22.5258,22.87619,22.1162,23.28173,26.75214
588848900971430688,26.2268,22.9726,21.89712,23.62939,23.68214
588848900971430689,26.13823,23.30795,22.0497,21.72758,20.59028
588848900971430690,23.58857,22.54947,22.22264,21.92574,23.42452
588848900971430691,27.34522,22.99892,21.71765,22.24564,21.97726
588848900971430692,24.48878,24.97152,21.81226,30.19682,29.05554
588848900971430693,23.11118,22.70687,21.87587,21.39609,20.85814
588848900971430694,23.44827,22.25022,21.99014,21.28577,21.2402
588848900971430698,22.31183,22.50877,22.0789,22.02172,22.61576
588848900971430699,21.69695,22.9216,21.32801,26.86535,19.68855
588848900971430700,23.4542,22.5865,21.73355,23.39137,21.55533
588848900971430702,22.70242,22.52477,21.72103,21.38478,21.61958
588848900971430706,22.71181,25.13342,21.79357,20.96291,20.46653
588848900971430713,22.64081,23.40788,21.62547,21.82593,21.48647
588848900971430715,22.11515,25.48255,21.61597,22.35108,25.11542
588848900971430717,24.29429,23.0311,21.55178,20.80935,21.20636
588848900971430721,27.38172,21.79115,21.44779,21.56847,19.78588
588848900971430722,23.31213,25.87522,21.63733,22.04739,20.49997
588848900971430724,22.10197,22.87743,22.04963,21.04574,22.87528
588848900971430725,28.55031,22.27967,20.12589,23.09384,18.13085
588848900971430760,21.60664,25.24722,22.01082,21.07212,20.81694
588848900971430773,26.85651,23.92792,22.50459,21.92513,21.90629
588848900971430786,22.91644,22.60454,21.54536,20.09828,22.79846
588848900971430788,26.807,22.50345,22.55764,20.39814,25.02646
588848900971430801,24.87852,22.19461,21.66078,20.78806,20.70578
588848900971430810,24.63056,22.71716,21.25907,20.51836,21.72602
588848900971430813,19.12031,29.88162,20.7182,18.64765,27.94988
588848900971430884,18.84421,20.52725,22.97445,26.34148,23.86813
588848900971430887,27.811,23.40335,22.02285,24.35164,20.65826
588848900971430890,22.05376,22.7774,22.09646,21.44563,21.97369
588848900971430891,25.31983,22.41082,22.15758,24.20633,23.07001
588848900971430893,21.60192,23.10752,22.06207,21.65063,24.17906
588848900971430896,29.06602,21.36046,26.37254,20.12344,19.78689
588848900971430906,21.65799,21.84672,22.6699,24.77388,22.45335
588848900971495442,22.41916,21.0111,19.90056,19.29232,19.06104
588848900971495447,22.24342,22.31249,21.7256,21.25008,20.33333
588848900971495449,22.00339,20.70999,20.33162,19.23223,26.54171
588848900971495450,23.13168,22.59691,21.58331,23.86023,21.87523
588848900971495451,23.18431,22.59745,21.69268,20.87355,23.91319
588848900971495452,22.77358,23.02743,22.68423,21.08763,22.78987
588848900971495453,25.11279,23.98748,23.17745,21.26823,22.02342
588848900971495455,23.59175,22.69787,22.15772,20.87075,22.35071
588848900971495467,21.41921,21.21751,19.91397,19.20507,18.66109
588848900971495473,22.89743,21.96573,20.92175,20.67925,20.25348
588848900971495483,24.58377,25.38892,22.0366,21.83881,20.77706
588848900971495487,22.70323,22.16258,21.02758,20.55597,20.57324
588848900971495495,22.29606,23.13182,22.05997,21.41392,21.81974
588848900971495501,24.44016,22.88,21.90216,20.56092,20.16828
588848900971495518,23.94166,22.21043,21.51399,20.74855,20.83128
588848900971495523,24.50019,22.43848,21.8126,20.71547,20.52021
588848900971495529,24.6276,22.6715,23.29707,20.97503,22.80843
588848900971495551,21.68391,19.61364,18.42528,17.93819,17.42709
588848900971495556,20.41953,18.19579,17.24579,16.76887,16.39694
588848900971495557,22.17578,21.56391,20.54177,20.51543,19.77184
588848900971495560,26.00025,22.84767,21.25387,20.43225,19.75746
588848900971495561,22.7405,23.05313,21.95482,21.10993,20.2869
588848900971495562,25.46604,22.70231,21.72989,22.35597,21.83845
588848900971495573,20.2026,18.78167,18.19191,17.87615,17.40938
588848900971495581,22.41128,22.34025,20.36043,19.71142,18.89528
588848900971495591,21.38236,19.51595,18.38728,17.86014,17.50108
588848900971495598,21.6125,19.98216,18.82333,18.38614,17.96487
588848900971495601,20.46346,18.86335,17.6213,17.15825,16.74739
588848900971495602,22.88944,22.18347,21.63215,21.40349,20.79442
588848900971495616,21.15679,19.32053,18.24456,17.80059,17.44407
588848900971495625,19.41072,17.47662,16.52599,16.08268,15.74929
588848900971495626,24.44486,22.83507,21.42538,21.26685,20.48449
588848900971495628,24.66232,23.151,21.88587,20.84285,20.59628
588848900971495632,21.86174,20.23109,19.89775,27.36808,18.77873
588848900971495637,24.45079,23.23439,22.14663,22.96296,21.56934
588848900971495644,19.34874,18.01171,17.29805,16.9252,16.59347
588848900971495645,20.26498,19.10143,18.35481,17.85564,17.61447
588848900971495648,18.63921,17.12449,16.33175,15.89734,15.56308
588848900971495649,22.2983,21.51309,20.6811,20.25395,20.25397
588848900971495662,23.04032,21.17945,19.8248,19.31211,18.88087
588848900971495672,21.00721,19.3338,18.74244,18.31707,17.92113
588848900971495686,22.95378,23.66723,21.2752,20.53817,20.08024
588848900971495688,22.23661,21.55625,20.01348,19.2545,19.00056
588848900971495690,25.7641,22.38757,20.81714,20.02998,19.63004
588848900971495696,20.35075,19.1366,18.23116,17.8713,17.56746
588848900971495707,22.25321,21.25775,19.57567,18.8985,18.442
588848900971495708,22.02593,22.30272,20.55404,19.97604,19.48155
588848900971495710,23.36738,23.24812,22.35314,21.80664,21.51782
588848900971495735,22.35795,22.3425,21.55422,21.59828,20.35288
588848900971495742,21.67221,21.15219,20.30107,19.99004,19.42471
588848900971495750,22.46911,21.18865,20.59722,20.46972,20.0636
588848900971495754,22.37765,22.7573,22.70703,21.84452,24.83334
588848900971495756,21.22167,20.65999,19.87651,19.69031,19.28894
588848900971495762,24.61507,22.51421,21.0998,21.2042,20.96718
588848900971495773,24.67069,21.79785,20.71148,20.50491,20.00435
588848900971495774,21.01677,21.22788,20.81435,21.07369,20.87648
588848900971495786,22.01187,21.90933,21.52105,21.563,22.45596
588848900971495789,21.75986,21.51013,20.9958,20.63509,20.51146
588848900971495804,26.2791,22.40462,20.77811,20.50646,19.62671
588848900971495805,22.76283,20.82344,20.30252,20.02479,19.51163
588848900971495807,25.03983,20.99127,20.54343,20.57828,24.06072
588848900971495809,24.36298,21.37764,20.69884,20.52818,21.83169
588848900971495813,21.42853,21.3404,19.95755,19.72452,19.10012
588848900971495814,22.31473,22.39669,21.43722,20.70567,20.09319
588848900971495815,25.72237,22.2903,21.61054,21.7438,21.33699
588848900971495816,22.38158,22.68097,22.04387,20.95362,20.31732
588848900971495817,23.50661,22.53178,21.83386,20.98538,20.61627
588848900971495822,22.33326,23.88867,22.31982,21.61693,22.18528
588848900971495823,23.64054,23.15647,21.86223,21.1433,21.30413
588848900971495826,24.47169,22.12367,21.29277,20.47176,19.95954
588848900971495827,22.86742,22.35323,21.42371,21.16295,20.69917
588848900971495829,22.59114,22.15122,20.83616,20.40598,19.796
588848900971495832,21.50182,21.36557,19.90128,19.1399,19.01322
588848900971495838,24.63174,22.44501,20.96963,19.83928,19.19721
588848900971495842,24.16403,22.32485,21.20288,21.38096,20.73436
588848900971495843,22.77863,20.77978,19.97923,19.81201,18.99772
588848900971495844,22.79547,22.54685,20.9052,20.45282,20.2085
588848900971495846,22.3324,21.77549,20.87498,20.41744,20.30608
588848900971495847,22.62042,21.66031,21.11229,21.26536,20.81193
588848900971495849,23.17786,22.6219,21.92451,21.2294,20.47271
588848900971495850,21.51727,24.98214,21.85536,24.21839,15.54464
588848900971495852,23.1548,22.73112,20.63637,20.08753,19.89719
588848900971495853,21.18548,23.15682,21.15439,21.66722,23.09397
588848900971495857,26.46462,22.38875,21.80563,21.49739,22.8931
588848900971495860,20.77452,20.35521,19.92477,19.62622,19.1729
588848900971495862,24.61968,22.18313,21.72818,20.78047,19.85257
588848900971495864,25.68841,21.65927,21.31729,21.04971,22.14111
588848900971495865,22.2083,22.04932,21.79329,21.18989,21.10073
588848900971495866,22.68351,22.56466,21.14287,20.96372,21.02061
588848900971495868,25.97926,22.83787,21.30992,20.57374,20.09777
588848900971495870,19.87879,21.05005,20.52745,19.35468,19.04001
588848900971495871,22.86417,21.68469,21.63104,24.39466,21.20204
588848900971495873,24.70333,21.49549,20.41332,20.03628,19.3194
588848900971495874,21.3913,22.62728,22.01424,23.43584,24.66331
588848900971495875,22.26214,23.42362,22.17246,21.61107,21.18506
588848900971495881,23.27316,21.99169,20.73111,20.0978,19.64301
588848900971495882,22.31583,22.24389,20.88181,20.15055,19.84569
588848900971495883,24.54813,23.64897,20.68044,20.04208,19.29032
588848900971495884,22.33274,22.07927,21.68793,21.69006,20.08855
588848900971495885,20.60651,20.04407,19.28436,18.9363,18.53452
588848900971495888,24.01525,21.59796,20.66412,20.24654,20.17351
588848900971495891,24.63735,22.96402,21.38709,20.86894,20.22879
588848900971495892,24.28902,22.50329,21.25655,21.81017,20.72918
588848900971495894,22.45533,22.45126,21.49566,21.1663,22.56441
588848900971495896,22.79859,22.20523,21.21682,21.07074,20.49945
588848900971495898,24.69788,22.49401,20.3531,19.77008,19.8739
588848900971495901,29.16333,22.00983,20.30013,20.17947,19.17191
588848900971495905,23.04721,22.6482,21.50573,21.316,20.16287
588848900971495906,22.68771,21.44071,20.34435,20.2873,20.05383
588848900971495908,22.01864,22.14501,20.91351,20.22566,19.69488
588848900971495913,21.83071,22.10575,20.2187,19.58634,18.80259
588848900971495915,24.63199,22.18697,20.52523,19.92142,19.1184
588848900971495916,22.68338,22.00925,21.54296,21.37196,20.57195
588848900971495917,25.41975,22.25997,21.8775,21.36239,21.54588
588848900971495919,21.13713,21.10572,20.29135,20.52287,20.55023
588848900971495920,21.2566,21.12546,20.58932,20.12236,19.98926
588848900971495922,22.06054,21.751,20.39266,19.86241,19.10126
588848900971495923,26.47013,22.80055,21.36836,21.97335,20.26011
588848900971495925,21.83548,21.64033,20.8673,20.53767,19.7813
588848900971495926,22.49416,22.91987,22.34386,21.47379,20.15669
588848900971495927,23.44685,23.18522,21.48625,21.32602,20.52652
588848900971495928,27.09981,22.44224,21.65181,20.58218,19.86564
588848900971495931,22.23198,22.22059,21.55054,20.95153,20.38212
588848900971495933,24.6059,22.1391,20.19477,19.4053,18.99341
588848900971495935,24.52365,21.7689,20.34139,20.3196,20.4316
588848900971495936,22.58086,22.63497,22.28086,21.02176,20.9559
588848900971495937,23.48967,23.84485,22.5512,21.61545,21.06235
588848900971495941,22.0512,23.03322,21.95099,20.95344,26.39217
588848900971495943,22.85701,21.4222,20.25239,19.87938,19.21932
588848900971495945,26.96257,22.66429,21.64536,21.44832,20.34357
588848900971495946,24.65705,22.16694,21.513,21.23686,24.77932
588848900971495951,23.32213,22.29365,20.4689,19.69671,19.13673
588848900971495952,26.352,23.04885,21.43528,20.29367,19.79118
588848900971495953,21.70654,21.5036,20.13142,20.08599,22.71566
588848900971495956,25.2625,22.06013,21.21638,21.28135,20.50303
588848900971495957,22.951,22.04694,21.68672,21.23763,20.95218
588848900971495959,21.71436,22.59646,21.72021,25.294,21.54804
588848900971495962,27.11158,22.08119,21.50856,21.36451,21.98391
588848900971495965,22.08389,22.44256,20.98125,21.03573,22.80784
588848900971495967,24.62769,22.06335,20.81385,20.791,19.83366
588848900971495968,22.75418,22.63577,21.99147,21.33422,21.15674
588848900971495976,23.53065,22.41077,20.68077,20.08193,20.30836
588848900971495978,27.50956,20.75546,19.51311,18.94293,18.54493
588848900971495979,22.64983,22.55654,21.31727,20.84356,22.7178
588848900971495980,23.01057,22.52617,22.00293,21.22745,22.08186
588848900971495982,20.72223,21.45976,19.91032,19.09437,18.67508
588848900971495983,22.26993,23.35515,21.99168,23.96528,28.96573
588848900971495986,22.57012,24.63717,21.37039,21.67223,20.62593
588848900971495988,25.1871,22.45032,21.63811,20.10679,19.91773
588848900971495990,22.08471,22.52467,21.2408,21.35143,20.29847
588848900971495991,23.99342,22.24159,22.65165,21.51839,21.08682
588848900971495994,22.13978,21.30917,20.29723,19.86097,19.98192
588848900971495998,23.2244,21.14845,20.31098,19.73797,19.70404
588848900971496000,23.1594,21.69709,20.85622,20.31869,19.76449
588848900971496001,24.09688,22.52078,21.75517,20.89204,20.84588
588848900971496002,23.1287,22.64671,21.75491,20.5899,20.15246
588848900971496004,22.02705,22.43376,21.52983,21.83761,20.96555
588848900971496005,22.38646,22.10886,21.89861,21.81488,20.80478
588848900971496006,26.3026,22.60126,21.90106,21.45154,22.70581
588848900971496008,22.88586,22.39193,21.44415,21.33311,20.32466
588848900971496012,24.03417,22.45798,21.7792,21.00414,20.42069
588848900971496016,26.58504,22.22996,20.85435,20.29981,19.37379
588848900971496017,24.44237,21.51598,20.93213,21.9818,21.06745
588848900971496018,24.48229,21.97878,20.8078,19.88127,19.36933
588848900971496019,23.18036,22.01626,21.25095,20.80538,21.49547
588848900971496020,24.5556,21.5134,20.32298,19.94489,19.22891
588848900971496021,22.90722,22.30268,21.99946,22.0939,20.52545
588848900971496022,23.99778,22.51189,21.28871,20.97023,19.86946
588848900971496023,22.13138,22.33556,22.03541,23.66593,24.90226
588848900971496024,23.66425,21.92904,20.68647,20.12278,20.04805
588848900971496030,22.73341,22.09066,21.64915,21.53067,20.54258
588848900971496033,22.35155,22.95098,21.32405,21.56394,21.19574
588848900971496034,22.8322,22.48535,21.40764,21.16212,23.53783
588848900971496037,28.48304,21.7317,19.76981,18.99688,19.03271
588848900971496039,23.41138,23.41311,20.9523,21.10579,25.2156
588848900971496041,21.96004,22.13255,21.45396,21.79714,22.83661
588848900971496043,23.87585,22.44535,21.48714,20.92918,20.31641
588848900971496044,24.02239,22.12437,20.90432,20.25009,19.90875
588848900971496045,25.13858,22.91586,21.09097,20.62306,20.0405
588848900971496046,24.36404,21.93882,20.78713,20.29977,19.63888
588848900971496048,23.38977,22.3726,21.37623,20.91577,20.65341
588848900971496049,24.21663,22.85319,20.60437,20.01082,19.98294
588848900971496052,23.84719,22.48043,21.23299,20.62098,20.8841
588848900971496053,24.27559,22.65261,21.13179,20.57363,20.17035
588848900971496055,24.69007,22.61793,20.85469,20.31054,19.94063
588848900971496057,24.76881,22.09249,20.72977,20.2423,19.77566
588848900971496059,22.41476,22.06396,21.18239,20.69054,20.61839
588848900971496062,21.95649,21.4782,20.41258,20.04831,19.44784
588848900971496097,19.8706,23.54622,20.94231,20.8193,20.14041
588848900971496106,23.55832,23.22151,21.60133,20.76107,21.21417
588848900971496113,21.51419,21.87674,21.88627,21.06521,20.03017
588848900971496121,23.79052,22.64122,21.93806,20.62553,20.22228
588848900971496122,23.07053,24.02855,22.44844,22.19374,22.65595
588848900971496125,24.75618,24.11897,22.62944,22.86351,22.52891
588848900971496128,22.71815,23.98956,21.93181,20.51856,19.87182
588848900971496132,24.20004,23.05224,21.87464,27.67516,26.25053
588848900971496133,18.47291,23.07921,21.86519,23.54528,22.74454
588848900971496135,23.12145,23.22553,21.1252,21.03658,19.76226
588848900971496139,24.58711,22.08418,21.54258,24.36666,22.79808
588848900971496149,23.19594,22.54332,22.05432,20.41399,20.40809
588848900971496150,23.25593,23.1118,21.62927,25.815,24.34765
588848900971496158,24.6078,21.9683,20.88105,21.43959,22.83195
588848900971496160,24.87744,23.05505,21.54262,21.11066,22.67416
588848900971496162,24.38823,22.97747,21.9588,22.4594,20.43134
588848900971496163,23.99289,22.30222,21.69165,20.5629,20.06274
588848900971496167,22.47616,22.11579,21.29814,22.81064,20.7122
588848900971496169,23.137,23.39135,21.90732,24.34686,19.84597
588848900971496171,22.01268,25.26987,21.25368,21.2514,20.19313
588848900971496177,26.93121,22.88479,21.56957,20.81476,20.12889
588848900971496179,27.4853,22.42274,21.6247,21.53607,22.59455
588848900971496180,23.95501,24.93138,21.42502,20.85703,24.00196
588848900971496182,23.33903,25.36974,21.87816,22.55568,20.81122
588848900971496187,24.62176,21.89945,21.19325,21.1244,24.53251
588848900971496189,23.16773,23.21767,22.71568,24.39028,22.80017
588848900971496191,24.70821,23.17444,21.46447,24.33106,20.33547
588848900971496195,21.84144,23.39064,21.9261,25.03074,22.79268
588848900971496196,25.43261,24.06928,21.25502,25.9826,21.4263
588848900971496200,26.86897,23.58323,22.36165,21.50974,19.83925
588848900971496204,21.9626,23.6346,21.45051,22.48221,20.87053
588848900971496206,25.02008,24.21712,21.67495,20.78687,20.403
588848900971496212,23.03227,22.15411,21.57313,21.62168,20.3248
588848900971496215,24.64463,23.64763,21.56137,20.60885,19.92591
588848900971496216,22.30088,22.82512,21.87238,21.19979,20.65077
588848900971496218,22.80148,26.00305,22.26984,22.38762,20.0349
588848900971496226,22.26338,23.53629,21.57629,21.03552,21.14242
588848900971496229,22.97454,21.99775,21.68817,20.91903,21.56722
588848900971496231,23.24326,24.39665,22.27173,21.65185,21.10873
588848900971496239,20.36665,29.97543,19.74704,28.49152,27.17244
588848900971496241,22.97802,23.39934,22.00088,21.40668,20.16288
588848900971496245,22.55415,23.97155,21.82794,20.861,21.08351
588848900971496247,21.82067,21.91209,20.66123,25.88904,19.81868
588848900971496248,21.97457,24.07366,21.13668,20.33426,19.47751
588848900971496255,24.01963,22.94781,21.84274,21.94755,23.984
588848900971496260,24.9278,24.00047,22.42929,21.58989,21.65912
588848900971496261,26.59692,26.07009,21.6796,21.25909,21.37423
588848900971496266,25.91359,25.11909,22.47985,25.19663,23.47035
588848900971496267,27.49572,23.00391,22.08812,23.38175,21.6079
588848900971496270,27.20446,22.26314,21.64039,20.82428,22.78559
588848900971496273,22.60139,24.70451,21.68774,21.26707,21.12031
588848900971496283,26.76072,24.15885,22.46011,21.08459,25.1923
588848900971496295,26.95064,21.61438,21.38192,21.32272,19.35538
588848900971496300,24.60998,22.4903,21.9905,21.71005,22.3869
588848900971496303,23.52704,23.51329,23.09585,21.91194,24.1222
588848900971496307,22.73999,22.68294,22.24335,22.17533,20.53687
588848900971496308,22.74747,22.62795,22.10419,20.80638,19.79129
588848900971496310,26.98395,23.04615,21.9574,21.65007,19.97721
588848900971496313,23.18404,22.86158,21.97351,21.30622,20.2336
588848900971496314,22.93631,22.63062,21.90451,21.25043,21.77602
588848900971496316,23.14955,23.13318,21.50288,20.91849,21.45515
588848900971496320,23.95698,24.40077,22.06776,23.34688,20.50058
588848900971496321,22.80194,23.18747,22.54205,21.60197,22.29889
588848900971496324,21.97652,22.7523,21.77168,20.47698,19.86002
588848900971496325,22.93252,22.96455,21.90033,21.26987,20.90153
588848900971496326,24.61029,27.11041,21.41552,24.36237,22.81524
588848900971496327,22.43527,21.74027,21.16019,21.02553,24.67894
588848900971496331,23.09336,23.31074,22.3822,21.51732,20.85553
588848900971496336,22.40727,24.34247,22.36938,23.66579,20.30127
588848900971496337,27.33282,26.53501,22.22351,22.59156,24.27479
588848900971496342,23.00789,22.86066,21.71402,20.65812,20.29164
588848900971496343,22.18486,22.26493,21.27378,21.38506,21.945
588848900971496351,26.48584,22.81521,21.38785,20.5144,20.51793
588848900971496352,22.41639,23.43723,22.05126,20.48201,19.95284
588848900971496354,23.38782,23.95177,21.01398,20.22595,19.78719
588848900971496357,22.30913,23.67235,21.06592,21.1157,22.81955
588848900971496358,22.34233,22.01499,20.86606,19.73582,19.02537
588848900971496366,21.67207,23.56358,21.95019,21.35376,20.24867
588848900971496367,22.29903,21.80538,20.60826,20.45953,19.93387
588848900971496372,22.40997,21.91199,20.53242,19.97046,19.84248
588848900971496441,19.71397,28.27507,30.59296,18.91596,20.00732
588848900971496471,22.58979,23.71918,21.5452,21.05799,24.83186
588848900971496511,25.41937,22.05163,22.46452,21.71341,22.24896
588848900971560964,22.84227,22.03675,20.85728,19.98264,19.90725
588848900971560972,23.04781,22.5506,21.10946,20.46449,19.97739
588848900971560973,23.04479,23.12091,22.10698,21.12039,21.50631
588848900971560974,23.00777,22.74719,22.41016,21.61003,22.31818
588848900971560978,17.64883,15.36442,14.37849,13.89232,13.58226
588848900971560980,20.50267,20.73707,20.30929,20.33438,19.33623
588848900971560982,23.62423,21.66135,21.51351,21.02141,19.9987
588848900971560983,22.60513,23.32348,21.58795,21.03801,20.2344
588848900971560984,23.83207,21.36027,20.62764,20.34738,19.27475
588848900971560989,22.82089,22.37995,21.47872,21.01957,20.41001
588848900971560992,25.53193,22.86067,21.43861,20.98111,20.61282
588848900971561007,20.8661,20.75969,20.40411,19.80099,20.10703
588848900971561008,22.57016,22.47726,21.02926,19.9912,20.61998
588848900971561009,21.84524,22.06083,20.95168,20.29177,19.91788
588848900971561014,22.83244,22.58605,21.81618,21.62723,21.05118
588848900971561015,23.52783,22.45514,21.30485,20.54152,22.36785
588848900971561019,24.69151,22.80873,21.54383,21.09686,24.95149
588848900971561037,20.79008,18.56816,17.55997,17.2468,16.90152
588848900971561038,24.5523,23.23421,21.28571,21.80819,20.05718
588848900971561052,22.15277,19.9118,18.75698,18.29787,18.10293
588848900971561053,23.69192,24.72602,21.2929,21.63918,20.00864
588848900971561054,22.80495,23.19926,21.75677,20.63968,21.2952
588848900971561059,25.32382,21.502,20.44919,19.6782,19.58768
588848900971561060,26.8213,22.2655,21.85126,20.98497,23.74381
588848900971561076,22.56682,23.57014,21.217,20.33589,21.16938
588848900971561077,22.21154,22.07398,21.55955,20.52144,21.75384
588848900971561081,24.62834,23.8461,22.76928,21.01759,24.08496
588848900971561082,22.93438,23.86184,22.88312,21.62522,21.64286
588848900971561093,22.11086,21.455,20.52567,20.09352,19.57668
588848900971561102,21.18798,19.84626,19.05117,18.42934,18.43912
588848900971561103,20.99539,19.65672,19.03103,18.46632,18.49239
588848900971561104,24.01707,22.18704,22.07822,22.65843,20.56742
588848900971561105,22.57946,21.17223,21.32801,24.17941,18.98488
588848900971561106,24.52123,22.02255,21.4446,19.94893,20.36034
588848900971561109,23.0423,23.05202,22.36171,21.35753,21.98578
588848900971561111,22.5864,23.35783,21.37222,24.35212,20.13248
588848900971561114,26.69275,25.09912,21.84824,24.35935,21.97247
588848900971561116,24.71126,23.82432,21.77657,21.66543,20.63112
588848900971561127,23.4013,21.77802,21.18697,20.51502,21.2247
588848900971561128,21.7736,20.50731,20.99524,18.81902,20.07818
588848900971561131,24.20203,22.59931,21.91894,23.26985,22.23001
588848900971561133,27.88187,24.20264,22.15804,21.01927,22.81669
588848900971561134,26.54534,22.41273,21.62476,21.25577,21.04195
588848900971561142,24.82389,19.18991,18.09366,17.92763,17.69641